UserID,FirstName,LastName,Email,CustomerID
2001,Liam,Johnson,liam.johnson@techsolutions.com,101
2002,Olivia,Williams,olivia.williams@techsolutions.com,101
2003,Noah,Brown,noah.brown@techsolutions.com,101
2004,Emma,Jones,emma.jones@techsolutions.com,101
2005,Oliver,Garcia,oliver.garcia@techsolutions.com,101
2006,Ava,Miller,ava.miller@techsolutions.com,101
2007,Elijah,Davis,elijah.davis@techsolutions.com,101
2008,Charlotte,Rodriguez,charlotte.rodriguez@techsolutions.com,101
2009,William,Martinez,william.martinez@techsolutions.com,101
2010,Sophia,Hernandez,sophia.hernandez@techsolutions.com,101
2011,James,Lopez,james.lopez@techsolutions.com,101
2012,Amelia,Gonzalez,amelia.gonzalez@techsolutions.com,101
2013,Benjamin,Wilson,benjamin.wilson@techsolutions.com,101
2014,Isabella,Anderson,isabella.anderson@techsolutions.com,101
2015,Lucas,Thomas,lucas.thomas@techsolutions.com,101
2016,Mia,Taylor,mia.taylor@techsolutions.com,101
2017,Henry,Moore,henry.moore@techsolutions.com,101
2018,Evelyn,Jackson,evelyn.jackson@techsolutions.com,101
2019,Alexander,Martin,alexander.martin@techsolutions.com,101
2020,Harper,Lee,harper.lee@techsolutions.com,101
2021,Michael,Perez,michael.perez@techsolutions.com,101
2022,Emily,Thompson,emily.thompson@techsolutions.com,101
2023,Daniel,White,daniel.white@techsolutions.com,101
2024,Abigail,Harris,abigail.harris@techsolutions.com,101
2025,Matthew,Sanchez,matthew.sanchez@techsolutions.com,101
2026,Ella,Clark,ella.clark@techsolutions.com,101
2027,Aiden,Ramirez,aiden.ramirez@techsolutions.com,101
2028,Sofia,Lewis,sofia.lewis@techsolutions.com,101
2029,David,Robinson,david.robinson@techsolutions.com,101
2030,Grace,Walker,grace.walker@techsolutions.com,101
2031,Joseph,Young,joseph.young@globallogistics.net,102
2032,Victoria,Allen,victoria.allen@globallogistics.net,102
2033,Samuel,King,samuel.king@globallogistics.net,102
2034,Chloe,Wright,chloe.wright@globallogistics.net,102
2035,John,Scott,john.scott@globallogistics.net,102
2036,Lily,Torres,lily.torres@globallogistics.net,102
2037,Andrew,Nguyen,andrew.nguyen@globallogistics.net,102
2038,Zoe,Hill,zoe.hill@globallogistics.net,102
2039,Christopher,Flores,christopher.flores@globallogistics.net,102
2040,Hannah,Green,hannah.green@globallogistics.net,102
2041,Joshua,Adams,joshua.adams@globallogistics.net,102
2042,Nora,Nelson,nora.nelson@globallogistics.net,102
2043,Anthony,Baker,anthony.baker@globallogistics.net,102
2044,Layla,Hall,layla.hall@globallogistics.net,102
2045,Ryan,Rivera,ryan.rivera@globallogistics.net,102
2046,Penelope,Campbell,penelope.campbell@globallogistics.net,102
2047,Nathan,Mitchell,nathan.mitchell@globallogistics.net,102
2048,Riley,Carter,riley.carter@globallogistics.net,102
2049,Jonathan,Phillips,jonathan.phillips@globallogistics.net,102
2050,Lillian,Evans,lillian.evans@globallogistics.net,102
2051,Isaac,Turner,isaac.turner@globallogistics.net,102
2052,Aubrey,Parker,aubrey.parker@globallogistics.net,102
2053,Caleb,Cruz,caleb.cruz@globallogistics.net,102
2054,Addison,Collins,addison.collins@globallogistics.net,102
2055,Christian,Stewart,christian.stewart@globallogistics.net,102
2056,Ellie,Morris,ellie.morris@globallogistics.net,102
2057,Jack,Murphy,jack.murphy@innovatehealth.org,103
2058,Stella,Rogers,stella.rogers@innovatehealth.org,103
2059,Luke,Gutierrez,luke.gutierrez@innovatehealth.org,103
2060,Natalie,Ortiz,natalie.ortiz@innovatehealth.org,103
2061,Owen,Morgan,owen.morgan@innovatehealth.org,103
2062,Paisley,Cooper,paisley.cooper@innovatehealth.org,103
2063,Levi,Peterson,levi.peterson@innovatehealth.org,103
2064,Savannah,Bailey,savannah.bailey@innovatehealth.org,103
2065,Gabriel,Reed,gabriel.reed@innovatehealth.org,103
2066,Leah,Kelly,leah.kelly@innovatehealth.org,103
2067,Julian,Howard,julian.howard@innovatehealth.org,103
2068,Claire,Ramos,claire.ramos@innovatehealth.org,103
2069,Isaiah,Kim,isaiah.kim@innovatehealth.org,103
2070,Skylar,Cox,skylar.cox@innovatehealth.org,103
2071,Jaxon,Ward,jaxon.ward@innovatehealth.org,103
2072,Brooklyn,Richardson,brooklyn.richardson@innovatehealth.org,103
2073,Grayson,Watson,grayson.watson@innovatehealth.org,103
2074,Bella,Brooks,bella.brooks@innovatehealth.org,103
2075,Wyatt,Chavez,wyatt.chavez@innovatehealth.org,103
2076,Aurora,Wood,aurora.wood@innovatehealth.org,103
2077,Leo,James,leo.james@innovatehealth.org,103
2078,Lucy,Bennett,lucy.bennett@innovatehealth.org,103
2079,Jayden,Gray,jayden.gray@innovatehealth.org,103
2080,Hazel,Mendoza,hazel.mendoza@innovatehealth.org,103
2081,Carter,Ruiz,carter.ruiz@innovatehealth.org,103
2082,Violet,Hughes,violet.hughes@innovatehealth.org,103
2083,Mateo,Price,mateo.price@marketingpros.io,104
2084,Mila,Alvarez,mila.alvarez@marketingpros.io,104
2085,Lincoln,Castillo,lincoln.castillo@marketingpros.io,104
2086,Aria,Sanders,aria.sanders@marketingpros.io,104
2087,Elias,Patel,elias.patel@marketingpros.io,104
2088,Audrey,Myers,audrey.myers@marketingpros.io,104
2089,Muhammad,Long,muhammad.long@marketingpros.io,104
2090,Aaliyah,Ross,aaliyah.ross@marketingpros.io,104
2091,Miles,Foster,miles.foster@marketingpros.io,104
2092,Gabriella,Jimenez,gabriella.jimenez@marketingpros.io,104
2093,Ezra,Powell,ezra.powell@marketingpros.io,104
2094,Allison,Jenkins,allison.jenkins@marketingpros.io,104
2095,Jameson,Perry,jameson.perry@marketingpros.io,104
2096,Ariana,Russell,ariana.russell@marketingpros.io,104
2097,Josiah,Sullivan,josiah.sullivan@marketingpros.io,104
2098,Camila,Fisher,camila.fisher@marketingpros.io,104
2099,Hudson,Henderson,hudson.henderson@marketingpros.io,104
2100,Gianna,Coleman,gianna.coleman@marketingpros.io,104
2101,Robert,Patterson,robert.patterson@marketingpros.io,104
2102,Genesis,Jordan,genesis.jordan@marketingpros.io,104
2103,Nolan,Graham,nolan.graham@creativedesigns.art,105
2104,Naomi,Reynolds,naomi.reynolds@creativedesigns.art,105
2105,Nicholas,Hamilton,nicholas.hamilton@creativedesigns.art,105
2106,Serenity,Watts,serenity.watts@creativedesigns.art,105
2107,Easton,Ford,easton.ford@creativedesigns.art,105
2108,Eliana,Armstrong,eliana.armstrong@creativedesigns.art,105
2109,Thomas,Woods,thomas.woods@creativedesigns.art,105
2110,Katherine,Snyder,katherine.snyder@creativedesigns.art,105
2111,Everett,Simpson,everett.simpson@creativedesigns.art,105
2112,Alice,Crawford,alice.crawford@creativedesigns.art,105
2113,Axel,Olson,axel.olson@creativedesigns.art,105
2114,Madelyn,Kennedy,madelyn.kennedy@creativedesigns.art,105
2115,Cooper,Freeman,cooper.freeman@creativedesigns.art,105
2116,Ruby,Wells,ruby.wells@creativedesigns.art,105
2117,Angel,Burns,angel.burns@creativedesigns.art,105
2118,Cora,Stevens,cora.stevens@creativedesigns.art,105
2119,Roman,Porter,roman.porter@creativedesigns.art,105
2120,Eva,Hunter,eva.hunter@creativedesigns.art,105
2121,Ezekiel,Hicks,ezekiel.hicks@creativedesigns.art,105
2122,Luna,Boyd,luna.boyd@creativedesigns.art,105
2123,Xavier,Henry,xavier.henry@dataanalyticscorp.ai,106
2124,Julia,Spencer,julia.spencer@dataanalyticscorp.ai,106
2125,Adam,Gardner,adam.gardner@dataanalyticscorp.ai,106
2126,Kennedy,Payne,kennedy.payne@dataanalyticscorp.ai,106
2127,Jason,Pierce,jason.pierce@dataanalyticscorp.ai,106
2128,Sarah,West,sarah.west@dataanalyticscorp.ai,106
2129,Ian,Berry,ian.berry@dataanalyticscorp.ai,106
2130,Sadie,Wagner,sadie.wagner@dataanalyticscorp.ai,106
2131,Aaron,Warren,aaron.warren@dataanalyticscorp.ai,106
2132,Madeline,Burton,madeline.burton@dataanalyticscorp.ai,106
2133,Kevin,Stanley,kevin.stanley@dataanalyticscorp.ai,106
2134,Willow,Hansen,willow.hansen@dataanalyticscorp.ai,106
2135,Connor,Walsh,connor.walsh@dataanalyticscorp.ai,106
2136,Quinn,Fox,quinn.fox@dataanalyticscorp.ai,106
2137,Hunter,Gibson,hunter.gibson@dataanalyticscorp.ai,106
2138,Autumn,Gordon,autumn.gordon@dataanalyticscorp.ai,106
2139,Jordan,Stephens,jordan.stephens@dataanalyticscorp.ai,106
2140,Piper,Mcdaniel,piper.mcdaniel@dataanalyticscorp.ai,106
2141,Jeremiah,Carr,jeremiah.carr@dataanalyticscorp.ai,106
2142,Peyton,Dunn,peyton.dunn@dataanalyticscorp.ai,106
2143,Colton,Chapman,colton.chapman@dataanalyticscorp.ai,106
2144,Arianna,Shaw,arianna.shaw@dataanalyticscorp.ai,106
2145,Austin,Perkins,austin.perkins@dataanalyticscorp.ai,106
2146,Valentina,Webb,valentina.webb@dataanalyticscorp.ai,106
2147,Dominic,Kelley,dominic.kelley@dataanalyticscorp.ai,106
2148,Caroline,Lucas,caroline.lucas@dataanalyticscorp.ai,106
2149,Adrian,Fletcher,adrian.fletcher@dataanalyticscorp.ai,106
2150,Alyssa,Mills,alyssa.mills@dataanalyticscorp.ai,106
2151,Parker,Pearson,parker.pearson@dataanalyticscorp.ai,106
2152,Taylor,Nichols,taylor.nichols@dataanalyticscorp.ai,106
2153,Brayden,Grant,brayden.grant@securefinance.co,107
2154,Nevaeh,Holmes,nevaeh.holmes@securefinance.co,107
2155,Evan,Harrison,evan.harrison@securefinance.co,107
2156,Melanie,Guerrero,melanie.guerrero@securefinance.co,107
2157,Gael,Jacobs,gael.jacobs@securefinance.co,107
2158,Mackenzie,Hunt,mackenzie.hunt@securefinance.co,107
2159,Theodore,Black,theodore.black@securefinance.co,107
2160,Anna,Simpson,anna.simpson@securefinance.co,107
2161,Jace,Daniels,jace.daniels@securefinance.co,107
2162,Kaylee,Palmer,kaylee.palmer@securefinance.co,107
2163,Kayden,Meyer,kayden.meyer@securefinance.co,107
2164,Isla,Robertson,isla.robertson@securefinance.co,107
2165,Asher,Stone,asher.stone@securefinance.co,107
2166,Eleanor,Montgomery,eleanor.montgomery@securefinance.co,107
2167,Maverick,Butler,maverick.butler@securefinance.co,107
2168,Jade,Murray,jade.murray@securefinance.co,107
2169,Silas,Tucker,silas.tucker@securefinance.co,107
2170,Maria,Wallace,maria.wallace@securefinance.co,107
2171,Charles,Higgins,charles.higgins@securefinance.co,107
2172,Brielle,Sandoval,brielle.sandoval@securefinance.co,107
2173,Leo,Harvey,leo.harvey@securefinance.co,107
2174,Ivy,Barrett,ivy.barrett@securefinance.co,107
2175,Jesus,Bradley,jesus.bradley@securefinance.co,107
2176,Elena,Franklin,elena.franklin@securefinance.co,107
2177,Alex,Lawson,alex.lawson@securefinance.co,107
2178,Nova,Arnold,nova.arnold@securefinance.co,107
2179,Kai,Fuller,kai.fuller@securefinance.co,107
2180,Emilia,Warren,emilia.warren@securefinance.co,107
2181,Adam,Mills,adam.mills@securefinance.co,107
2182,Scarlett,Austin,scarlett.austin@securefinance.co,107